bactNOG00014	UniRef90_Q8ZNF3	UniRef90_Q795J3	UniRef90_A9R095	UniRef90_B4SYW9	UniRef90_B4TPI0	UniRef90_B5BCP8	UniRef90_B5R270	UniRef90_Q2NRV5	UniRef90_Q3KCC3	UniRef90_Q3YZV3	UniRef90_Q4ZSZ4	UniRef90_Q93PE0	UniRef90_A4TIM2	UniRef90_A4WAM5	UniRef90_B1JJ28	UniRef90_B5FNT7	UniRef90_Q8Z542	UniRef90_A8FRR4	UniRef90_B2VBJ1	UniRef90_B5RCC2	UniRef90_B7LM78	UniRef90_C5BDQ4	UniRef90_Q31YK4	UniRef90_Q83QT9	UniRef90_A0KGY8	UniRef90_C0Q071	UniRef90_Q7N3Q5	UniRef90_A4SQW7	UniRef90_B4TBG4	UniRef90_Q9HY65	UniRef90_B5XTK7	UniRef90_B8DZE9	UniRef90_A0LWA0	UniRef90_A0RR67	UniRef90_A8M279	UniRef90_A9BBG0	UniRef90_B1XW47	UniRef90_Q39YH4	UniRef90_Q63N73	UniRef90_A9KWU4	UniRef90_C0QRU9	UniRef90_C9R9Z8	UniRef90_Q64WE4	UniRef90_Q8XN74	UniRef90_A5FN49	UniRef90_B4UL97	UniRef90_C5C136	UniRef90_O83117	UniRef90_Q0IDQ6	UniRef90_Q17YD5																									
bactNOG00441	UniRef90_P30011	UniRef90_O25909	UniRef90_P46714	UniRef90_Q57278	UniRef90_Q9CLU4	UniRef90_A0JY17	UniRef90_A0PP12	UniRef90_A1ALR4	UniRef90_A1AVE5	UniRef90_A1BIQ8	UniRef90_A1S2H6	UniRef90_A1T8V7	UniRef90_A1TTV8	UniRef90_A2BNY3	UniRef90_A2BUG5	UniRef90_A4JH25	UniRef90_A5FYR9	UniRef90_A6TJ94	UniRef90_A8G2J4	UniRef90_A8IA61	UniRef90_B0TBP9	UniRef90_B0U157	UniRef90_B0UQU3	UniRef90_B1XUF8	UniRef90_B1YV97	UniRef90_P9WJJ7	UniRef90_P74301	UniRef90_A0Q5S0	UniRef90_A1JJL2	UniRef90_A1UHL2	UniRef90_A6LDQ3	UniRef90_A6Q220	UniRef90_A9W632	UniRef90_B6ELF9	UniRef90_C7MGR0	UniRef90_Q185P1	UniRef90_Q2S1A8	UniRef90_Q4KIF0	UniRef90_Q7NM79	UniRef90_Q888R8	UniRef90_A0RP63	UniRef90_A1VWM4	UniRef90_A4T9M2	UniRef90_A5VYL3	UniRef90_A6SZJ2	UniRef90_B3EGQ0	UniRef90_B4SQL8	UniRef90_C6XRJ1	UniRef90_Q0HQM2	UniRef90_Q3AVY4																									
bactNOG00852	UniRef90_P46329	UniRef90_P39616	UniRef90_Q9I6C8	UniRef90_A9MCY4	UniRef90_Q65DP0	UniRef90_Q8EB51	UniRef90_Q8F7S5	UniRef90_Q55811	UniRef90_C7NI02	UniRef90_Q4FS64	UniRef90_A1TLK4	UniRef90_A5I0U1	UniRef90_B9DMT0	UniRef90_Q0BYG1	UniRef90_Q5HN16	UniRef90_Q73U02	UniRef90_A1T1A6	UniRef90_A1U910	UniRef90_A2BUW1	UniRef90_A4JIP4	UniRef90_A4SPP8	UniRef90_A4T522	UniRef90_A4VH64	UniRef90_A4Z1L6	UniRef90_A5FXY3																																																		
bactNOG00947	UniRef90_P9WQD1	UniRef90_A1JIK3	UniRef90_A1UWN5	UniRef90_A1WY97	UniRef90_A3D3E8	UniRef90_A4VKA0	UniRef90_A4YK73	UniRef90_B0TPY4	UniRef90_B2IB12	UniRef90_C1D6V9	UniRef90_Q2T3N9	UniRef90_Q3SLF4	UniRef90_Q48G09	UniRef90_Q63NC4	UniRef90_Q66FM8	UniRef90_Q7MGU3	UniRef90_Q8KBY0	UniRef90_Q9HV66	UniRef90_A0KNI2	UniRef90_A4SJM6	UniRef90_A7HSR8	UniRef90_B1ZB59	UniRef90_B3R1X2	UniRef90_B5ZV36	UniRef90_B7KPN8	UniRef90_A6UED8	UniRef90_Q6G1W0	UniRef90_A8G8G7	UniRef90_Q0VSR6	UniRef90_B0S8X7	UniRef90_A1RIK1	UniRef90_Q82SI5	UniRef90_Q1H0J2	UniRef90_Q7M9Y2	UniRef90_B4RC29	UniRef90_A9FG84	UniRef90_C5CCV4	UniRef90_C6B077	UniRef90_Q4K827	UniRef90_B0VNB8	UniRef90_B8CLF3	UniRef90_C1DQG6	UniRef90_C8X4E2	UniRef90_A4JT58	UniRef90_Q0B2C1	UniRef90_Q4K5Y0	UniRef90_Q5QY84	UniRef90_C5BN53	UniRef90_C6WWI6	UniRef90_Q0AP74																									
bactNOG01259	UniRef90_O06961	UniRef90_P37877	UniRef90_Q9WYB1	UniRef90_P77845	UniRef90_P71104	UniRef90_A1T2Y9	UniRef90_A4VIM1	UniRef90_A6QHP5	UniRef90_A7FW24	UniRef90_A7I2H6	UniRef90_B0JMT8	UniRef90_B0RIG4	UniRef90_B0S1N0	UniRef90_B0TGV2	UniRef90_B1JGK4	UniRef90_B2TJ17	UniRef90_B3QA57	UniRef90_B3QV27	UniRef90_B4EZD9	UniRef90_B5Y7W0	UniRef90_B7IDH3	UniRef90_B8HVB6	UniRef90_B8J374	UniRef90_P63415	UniRef90_Q0HK48	UniRef90_P11868	UniRef90_A1R050	UniRef90_A3PTW3	UniRef90_A7GTR9	UniRef90_A8GM71	UniRef90_B2GKK6	UniRef90_B8EIS2	UniRef90_B9KFY4	UniRef90_C3L0F7	UniRef90_P47599	UniRef90_P63414	UniRef90_P9WQH1	UniRef90_Q0I3R3	UniRef90_Q18B36	UniRef90_Q2RJY3	UniRef90_Q39WV0	UniRef90_Q67L76	UniRef90_Q8D7K4	UniRef90_Q8RED7	UniRef90_Q8XAF1	UniRef90_Q9L298	UniRef90_A4XL40	UniRef90_A6LHA9	UniRef90_A9L605	UniRef90_B1II90																									
bactNOG01662	UniRef90_B1Z8B7	UniRef90_B8J7S7	UniRef90_C1D9I0	UniRef90_Q9HWP9	UniRef90_A8AM17	UniRef90_B0VCE1	UniRef90_B8IKG4	UniRef90_Q7P1T0	UniRef90_A8IJE3	UniRef90_B0U852	UniRef90_B1ZIZ2	UniRef90_C1D5C4	UniRef90_Q1CWN8	UniRef90_Q7NWP6	UniRef90_A9VY33	UniRef90_A9W559	UniRef90_C5AIL7	UniRef90_C5AQW7	UniRef90_O88047	UniRef90_Q7NWS9	UniRef90_Q7NY24	UniRef90_Q8G576	UniRef90_A0KNV7	UniRef90_A1KBF0	UniRef90_A1TVI9	UniRef90_P39389	UniRef90_Q796Q6	UniRef90_B7L2F2	UniRef90_A1JKY1	UniRef90_B9E5R4	UniRef90_C7CLC5	UniRef90_Q8R610	UniRef90_C5AQK8	UniRef90_C5CNL8	UniRef90_C7CKR4	UniRef90_A0K277	UniRef90_A0KIS4	UniRef90_A0KTP5	UniRef90_A0QPK1	UniRef90_A4JL44	UniRef90_A4SPB9	UniRef90_A4VMP8	UniRef90_A4X2L5	UniRef90_A5EEM2	UniRef90_A5ET30	UniRef90_A5FAE7	UniRef90_A5URT0	UniRef90_A6LBF0	UniRef90_A7GQA7	UniRef90_A7HJ89																									
bactNOG01793	UniRef90_P69910	UniRef90_P69908	UniRef90_Q9EYW9	UniRef90_Q5X3A8	UniRef90_Q5ZTI6	UniRef90_P58228	UniRef90_Q9F5P3	UniRef90_Q8Y4K4	UniRef90_P69911	UniRef90_Q5WUR6	UniRef90_Q928K4	UniRef90_Q928R9	UniRef90_P69912	UniRef90_Q83PR1	UniRef90_A0Q8J3	UniRef90_A7ZT59	UniRef90_B2HD02	UniRef90_B2UN99	UniRef90_B7L5Z8	UniRef90_B7L7J2	UniRef90_B7UL70	UniRef90_B8J1X0	UniRef90_C1A0W1	UniRef90_C1AZQ1	UniRef90_Q1MRQ9																																																		
bactNOG01844	UniRef90_A0JVW2	UniRef90_A0K213	UniRef90_A0PY99	UniRef90_A4J923	UniRef90_A4YX64	UniRef90_A5EGT0	UniRef90_A5FNX8	UniRef90_A5N372	UniRef90_A6LPY5	UniRef90_A7GIZ0	UniRef90_A8LGD4	UniRef90_A8MJ17	UniRef90_B0KD60	UniRef90_B0TGY3	UniRef90_B1J8P4	UniRef90_B1M4U1	UniRef90_B2A807	UniRef90_B3Q435	UniRef90_B7KZI0	UniRef90_B8IBK0	UniRef90_B9KA16	UniRef90_C0M924	UniRef90_C3JXU9	UniRef90_C5B2M3	UniRef90_C6Y172																																																		
bactNOG02159	UniRef90_P75448	UniRef90_A5EV55	UniRef90_A8FU62	UniRef90_C4LHR4	UniRef90_Q0RPS4	UniRef90_Q5YUV7	UniRef90_B3PIM2	UniRef90_Q6LGH9	UniRef90_A8L3B9	UniRef90_B2GIR4	UniRef90_B2HPX3	UniRef90_B1VHS9	UniRef90_C7MUH5	UniRef90_Q98PE8	UniRef90_A4FEG0	UniRef90_A4X6L6	UniRef90_A8M1A8																																																										
bactNOG02194	UniRef90_O34787	UniRef90_Q66CC5	UniRef90_C7PXQ2	UniRef90_Q1RS57	UniRef90_A1SVG4	UniRef90_A5GFJ8	UniRef90_A8FY86	UniRef90_A9KUH5	UniRef90_B0TPB3	UniRef90_C0ZGR0	UniRef90_Q0RKW6	UniRef90_Q9S201	UniRef90_A9EPF4	UniRef90_A9GJ18	UniRef90_B0JJG8	UniRef90_B2J2F0	UniRef90_C8XJG7	UniRef90_Q93PM9	UniRef90_A1S4L3	UniRef90_A4F5Q3	UniRef90_A9A0H9	UniRef90_C0QM81	UniRef90_C5BJI6	UniRef90_Q0HT34	UniRef90_Q47ZH3																																																		
bactNOG02239	UniRef90_Q9KWZ1	UniRef90_P11458	UniRef90_Q9X1X7	UniRef90_B0JLU4	UniRef90_B2IYC1	UniRef90_B3QM61	UniRef90_Q2SCM1	UniRef90_Q7N6S3	UniRef90_Q81LG1	UniRef90_Q87Y50	UniRef90_Q8KEW2	UniRef90_Q9I4W9	UniRef90_Q9KR14	UniRef90_A1BEP5	UniRef90_A1JRP2	UniRef90_A7GTA8	UniRef90_B9DMZ6	UniRef90_C6DCF2	UniRef90_O05104	UniRef90_P24519	UniRef90_Q2NUL1	UniRef90_Q5SJM4	UniRef90_Q7MJ90	UniRef90_Q7UNR5	UniRef90_Q8EEN5	UniRef90_Q8D343	UniRef90_A0KX39	UniRef90_A4G431	UniRef90_C1F557	UniRef90_Q9F364	UniRef90_Q65GN4	UniRef90_A1AUZ4	UniRef90_A6U7C5	UniRef90_B7GIR9	UniRef90_Q0BCL4	UniRef90_Q62HM0	UniRef90_Q8R6C9	UniRef90_Q92R33	UniRef90_A1KJ10	UniRef90_A9R3A9	UniRef90_Q5N5W8	UniRef90_Q5PCN5	UniRef90_Q6HD97	UniRef90_B7N9Z2	UniRef90_Q2T0G7	UniRef90_Q7V7S6	UniRef90_B1JD53	UniRef90_A7HFV1	UniRef90_B0TUR2	UniRef90_Q4FMZ8																									
bactNOG02592	UniRef90_B2FL98	UniRef90_Q11PP7	UniRef90_Q1DDU6	UniRef90_A8LVF4	UniRef90_A5FMP6	UniRef90_A0M4X2	UniRef90_A4XD40	UniRef90_A6H1P4	UniRef90_Q8PAD3	UniRef90_Q8PM34	UniRef90_Q9S3U9	UniRef90_Q5WY16	UniRef90_A5IG23	UniRef90_Q3BV41	UniRef90_Q5H038	UniRef90_A8M1N4	UniRef90_A4XAL1	UniRef90_C7R814	UniRef90_B4SPA4	UniRef90_A5FG16	UniRef90_Q6FD49	UniRef90_B1KJM3	UniRef90_Q5ZX41	UniRef90_B0C320	UniRef90_B1VT24																																																		
bactNOG02881	UniRef90_P0A853	UniRef90_P31014	UniRef90_Q08897	UniRef90_P31015	UniRef90_A1JJH3	UniRef90_B1LL35	UniRef90_B2TUR7	UniRef90_B7LK50	UniRef90_Q8D5Q4	UniRef90_A7ZTR3	UniRef90_A8AKE2	UniRef90_B7M560	UniRef90_B7NF25	UniRef90_B7UMH5	UniRef90_Q7N8C9	UniRef90_Q7NYV9	UniRef90_Q897C2	UniRef90_A1VC86	UniRef90_A4SNA7	UniRef90_B7N212	UniRef90_Q729Z3	UniRef90_Q7MCR1	UniRef90_Q894M8	UniRef90_B1IX30	UniRef90_B5YXB2																																																		
bactNOG02937	UniRef90_P9WGV1	UniRef90_P54419	UniRef90_A1KS98	UniRef90_A1SJF9	UniRef90_A1V7L5	UniRef90_A2BPB2	UniRef90_A3N186	UniRef90_A4TBZ0	UniRef90_A4VWU8	UniRef90_A5ENA8	UniRef90_A5EY13	UniRef90_A5FXD8	UniRef90_A7NFR6	UniRef90_A7ZR64	UniRef90_A8LE19	UniRef90_A9M1V8	UniRef90_B0BQ17	UniRef90_B0S2I6	UniRef90_B1I6C4	UniRef90_B2FPC7	UniRef90_B2IUI4	UniRef90_B2S433	UniRef90_B2TK10	UniRef90_B2UD22	UniRef90_B2UZL0	UniRef90_P0A817	UniRef90_A0Q862	UniRef90_A0QI26	UniRef90_A1B374	UniRef90_A1TKT9	UniRef90_A2CBU3	UniRef90_A4IWA4	UniRef90_A4TI83	UniRef90_A5HY62	UniRef90_A7FQI8	UniRef90_B0REV4	UniRef90_B1LB17	UniRef90_B1YPQ4	UniRef90_B2INE5	UniRef90_B3PGF2	UniRef90_B6EMV8	UniRef90_C1DCT7	UniRef90_C3K3F5	UniRef90_C4K3W7	UniRef90_C5BAV4	UniRef90_P0A820	UniRef90_P0DF54	UniRef90_P43762	UniRef90_Q1H4X2	UniRef90_Q1QJR5																									
bactNOG03269	UniRef90_P0CE44	UniRef90_P75683	UniRef90_P94488	UniRef90_O34368	UniRef90_P31435	UniRef90_P74168	UniRef90_B8EEP9	UniRef90_A6V4J9	UniRef90_Q7CPH1	UniRef90_Q5GUD7	UniRef90_A6THN8	UniRef90_Q8P3F0	UniRef90_A4Y740	UniRef90_Q8P3J3	UniRef90_A2C760	UniRef90_A6L839	UniRef90_A7HWD8	UniRef90_A8GJ19	UniRef90_A9BBU6	UniRef90_B0JPM1	UniRef90_B1IJ81	UniRef90_B1LFV2	UniRef90_B1MVK1	UniRef90_B1MYM7	UniRef90_B1XP25																																																		
bactNOG03766	UniRef90_Q59647	UniRef90_C7LH91	UniRef90_A5EDN2	UniRef90_A6Q5Z1	UniRef90_A9I7C5	UniRef90_B0SP10	UniRef90_C6WVL1	UniRef90_Q6N9T0	UniRef90_Q9JYE2	UniRef90_A6UMK6	UniRef90_Q92Z16	UniRef90_B8EHY4	UniRef90_C4K9X4	UniRef90_Q2JYD1	UniRef90_Q6MK15	UniRef90_A4YP25	UniRef90_A8LM08	UniRef90_P74677	UniRef90_Q489B3	UniRef90_A6VPQ9	UniRef90_A7HRU4	UniRef90_A7IJT1	UniRef90_A9FZH8	UniRef90_B0TTF6	UniRef90_B1KE70																																																		
bactNOG04578	UniRef90_P9WQE9	UniRef90_Q02251	UniRef90_P9WQE7	UniRef90_Q7TVK8	UniRef90_A1KQG0	UniRef90_Q7UQ60	UniRef90_C5AND0	UniRef90_Q7UJD0	UniRef90_B2IXI8	UniRef90_Q1D448	UniRef90_Q1RPE9	UniRef90_Q2SHY7	UniRef90_Q83DF0	UniRef90_B2IYP7	UniRef90_C1F4N9	UniRef90_Q3V7P6	UniRef90_Q48HQ2	UniRef90_Q87W70	UniRef90_B2J0F8	UniRef90_B2J0Y6	UniRef90_B8HKZ3	UniRef90_O54511	UniRef90_Q882M6	UniRef90_Q9L1V8	UniRef90_A8AEU6																																																		
bactNOG05056	UniRef90_P24232	UniRef90_Q8ZCR0	UniRef90_P26353	UniRef90_Q57LF5	UniRef90_Q6LM37	UniRef90_Q7UIY1	UniRef90_Q81FW4	UniRef90_Q81T23	UniRef90_Q8ETH0	UniRef90_P40609	UniRef90_Q73B49	UniRef90_Q7ABK6	UniRef90_Q7C0F9	UniRef90_Q7TTP2	UniRef90_Q87F90	UniRef90_Q5PIH6	UniRef90_Q7NSD8	UniRef90_Q7WUM8	UniRef90_Q9PH91	UniRef90_Q7MH09	UniRef90_Q7N215	UniRef90_Q88PP0	UniRef90_Q8DCU2	UniRef90_Q9I0H4	UniRef90_Q9RYR5																																																		
bactNOG05829	UniRef90_P0C2E5	UniRef90_A6Q8M9	UniRef90_Q0SVZ8	UniRef90_Q605H7	UniRef90_Q64W88	UniRef90_C8WL75																																																																					
bactNOG06811	UniRef90_A0R7G6	UniRef90_P59967	UniRef90_Q57240	UniRef90_A0JZ14	UniRef90_A5UQB0	UniRef90_A8LXH5	UniRef90_A9VZB2	UniRef90_B0UL24	UniRef90_B1LUY8	UniRef90_B1VJ03	UniRef90_B2V7I0	UniRef90_B3PT83	UniRef90_B4U8A2	UniRef90_B6IRW3	UniRef90_B8IED7	UniRef90_B8JBD1	UniRef90_C0ZV59	UniRef90_C1F245	UniRef90_C7PVE4	UniRef90_Q029M8	UniRef90_Q1AY70	UniRef90_Q2GC73	UniRef90_Q9EVU8	UniRef90_A0LJ19	UniRef90_A0PKG8																																																		
bactNOG07153	UniRef90_P26935	UniRef90_Q88S38	UniRef90_A5YBJ7	UniRef90_Q65D06	UniRef90_A0JT53	UniRef90_A1JSK7	UniRef90_A1T235	UniRef90_A9H5B7	UniRef90_Q0BG57	UniRef90_Q48GY3	UniRef90_Q4KDI5	UniRef90_A0K6Q3	UniRef90_A0LVX1	UniRef90_A1B2N1	UniRef90_A1TC97	UniRef90_A4FID1	UniRef90_A6THJ2	UniRef90_A6WFC5	UniRef90_C3K9I8	UniRef90_Q1AV95	UniRef90_Q4ZRC2	UniRef90_Q8XZZ9	UniRef90_A4FDY3	UniRef90_A4FK61	UniRef90_A9ABZ7																																																		
bactNOG07881	UniRef90_A8ZWD3	UniRef90_A9A0I9	UniRef90_C0QDT8	UniRef90_Q8R6B4	UniRef90_A5I3W9	UniRef90_A7GFD2	UniRef90_A0Q1E0	UniRef90_A7GIM5	UniRef90_B1IFC6	UniRef90_B1IGU5	UniRef90_C1FLU7	UniRef90_C1FQJ1	UniRef90_Q07U19	UniRef90_B1KVI8	UniRef90_B1L1J2	UniRef90_B8FPN9	UniRef90_Q13AW5	UniRef90_Q21AJ3	UniRef90_Q2W5D1	UniRef90_Q3ADT6	UniRef90_A5I715	UniRef90_C4KAX3	UniRef90_Q24V38																																																				
bactNOG08340	UniRef90_P46883	UniRef90_B7L6A6	UniRef90_B7LRI5	UniRef90_Q02AK1	UniRef90_Q2JUT7	UniRef90_A7ZLI7	UniRef90_B5XRK4	UniRef90_B9JLJ5	UniRef90_C6CT49	UniRef90_A6T8H8	UniRef90_Q5ZRH2	UniRef90_A4TC69	UniRef90_B1MIQ6	UniRef90_B2HS24	UniRef90_Q1MEV1	UniRef90_Q2J117	UniRef90_Q82L63	UniRef90_A0QZ00	UniRef90_A1T782	UniRef90_A1UEI7	UniRef90_B0V5B4	UniRef90_C1B3V7	UniRef90_Q5YW08	UniRef90_A0K0Q7	UniRef90_A9B5V7																																																		
bactNOG10247	UniRef90_C0QTT4	UniRef90_A8LM04	UniRef90_A9I7E3	UniRef90_B2V830	UniRef90_B3RCK2	UniRef90_Q16A00	UniRef90_Q47AS9	UniRef90_C4K9Z4	UniRef90_Q2VZK6	UniRef90_Q3SML5	UniRef90_A7NPI4	UniRef90_Q47WF2	UniRef90_A6Q6U6	UniRef90_B1Y7W8	UniRef90_Q2HPX3	UniRef90_Q47AX7	UniRef90_A6Q5Z0	UniRef90_Q2SE04	UniRef90_Q2W7H6	UniRef90_Q30P22																																																							
bactNOG10565	UniRef90_B9E5D8	UniRef90_Q97IR6	UniRef90_Q185L3	UniRef90_Q7MWD4																																																																							
bactNOG12453	UniRef90_Q8PDA8	UniRef90_B1YHD4	UniRef90_B1YVH2	UniRef90_B4E9J1	UniRef90_Q0BCE0	UniRef90_Q3BYF4	UniRef90_Q4KIP3	UniRef90_Q62M99	UniRef90_Q736W5	UniRef90_A1SG03	UniRef90_B4RUH2	UniRef90_Q126P7	UniRef90_Q1CVR6	UniRef90_Q2N5X1	UniRef90_Q5GVE4	UniRef90_Q6MM37	UniRef90_Q7WHE8	UniRef90_A0REX0	UniRef90_A6W961	UniRef90_A9AGH1	UniRef90_Q81PQ0	UniRef90_Q8PQ80	UniRef90_Q9I0Q7	UniRef90_A1V193	UniRef90_A1VRP1																																																		
bactNOG12836	UniRef90_O34453	UniRef90_Q9RR97	UniRef90_P0A004	UniRef90_P0A094	UniRef90_C1CVN2	UniRef90_Q1J1R3	UniRef90_Q2G234	UniRef90_Q4L7M8	UniRef90_Q65MJ4	UniRef90_Q6HAJ1	UniRef90_A4FLV4	UniRef90_B7HGA7	UniRef90_B7IRX7	UniRef90_B9DMS7	UniRef90_C8XJI1	UniRef90_Q49YV8	UniRef90_Q814I7	UniRef90_Q8EMZ9	UniRef90_A8FAY4	UniRef90_B1YIE5	UniRef90_B7GG03	UniRef90_B7JIG1	UniRef90_C1B3F9	UniRef90_C4L6B6	UniRef90_C6D284																																																		
bactNOG14098	UniRef90_B2J558	UniRef90_B8J766	UniRef90_Q2IY37	UniRef90_Q74NN3	UniRef90_Q9KYH2	UniRef90_B1W2B2	UniRef90_Q1AUN4	UniRef90_Q92LD3	UniRef90_Q9ZN72	UniRef90_Q2Y722	UniRef90_Q3KAK5	UniRef90_Q6EH49	UniRef90_B0UQY1	UniRef90_Q7NXK8	UniRef90_Q825U2	UniRef90_Q8XZA3	UniRef90_B1VRD8	UniRef90_B2IXG2	UniRef90_Q82V60																																																								
bactNOG15341	UniRef90_A5I3W8	UniRef90_A7GFD1	UniRef90_A7GIM4	UniRef90_B1IGU4	UniRef90_B1L1J1	UniRef90_C1FLU6	UniRef90_C4KAX4	UniRef90_A0Q1D9	UniRef90_A8ZXU5	UniRef90_B1IFC5	UniRef90_C0QDT9	UniRef90_Q2W5D0	UniRef90_A8ZWD2	UniRef90_C1FQJ0	UniRef90_Q6NC17	UniRef90_B1KVI7																																																											
bactNOG16627	UniRef90_Q1IAK7	UniRef90_Q98A07	UniRef90_A5I8F5	UniRef90_Q76HJ4	UniRef90_B1KZL0	UniRef90_Q5NH11	UniRef90_A0Q6P1	UniRef90_B2IZP6	UniRef90_A5I612	UniRef90_B1KEX1	UniRef90_C1FVR3	UniRef90_Q7NIG4	UniRef90_A8G4Q7	UniRef90_B1ILJ6	UniRef90_Q0I9V3	UniRef90_Q894Q7	UniRef90_A6VVT5	UniRef90_A7GHE9	UniRef90_B0C3Q5																																																								
bactNOG18192	UniRef90_Q51662	UniRef90_Q59646	UniRef90_C7LH90	UniRef90_A5EDN1	UniRef90_Q8YBA1	UniRef90_Q92Z15	UniRef90_A4YP24	UniRef90_A6UMK7	UniRef90_B1Y7Z5	UniRef90_C6E2V2	UniRef90_Q0AIM9	UniRef90_Q2JYD2	UniRef90_Q2SE09	UniRef90_Q2W326	UniRef90_Q576W7	UniRef90_Q6LIF5	UniRef90_Q07U04	UniRef90_Q3SLA0	UniRef90_Q489B4	UniRef90_A9ME01	UniRef90_C4K9X3	UniRef90_C6WVL0	UniRef90_Q47B61	UniRef90_Q6N9T1	UniRef90_Q82TA4																																																		
bactNOG18519	UniRef90_A0LGD9	UniRef90_B5YCR5	UniRef90_Q319T1	UniRef90_Q64PC8	UniRef90_Q7MY80	UniRef90_A1AZF1	UniRef90_A1SPI1	UniRef90_A6LD10	UniRef90_A6Q4E8	UniRef90_B2TQA4	UniRef90_Q01WZ7	UniRef90_Q9S0U8	UniRef90_A1VRY6	UniRef90_A9W820	UniRef90_B8CL41	UniRef90_C1DTB3	UniRef90_C1F859	UniRef90_Q2LPS5	UniRef90_Q8AA54	UniRef90_A6M298	UniRef90_A6Q6F5	UniRef90_A8H2F3	UniRef90_A8LUC0	UniRef90_B0RZX2	UniRef90_C6BDG7																																																		
bactNOG18630	UniRef90_Q48215	UniRef90_A5CPQ9	UniRef90_B0BPW4	UniRef90_B3ELZ6	UniRef90_B3EN65	UniRef90_B8DT18	UniRef90_C7M7Z7	UniRef90_Q8A716	UniRef90_A3CQX8	UniRef90_B0RDW5	UniRef90_B3Q3R3	UniRef90_B8J433	UniRef90_C5C125	UniRef90_C7LW36	UniRef90_Q5L9T2	UniRef90_Q8A780	UniRef90_Q93NP5	UniRef90_Q9CNC0	UniRef90_B2U7B7	UniRef90_B9JNF4	UniRef90_C8WKZ4	UniRef90_Q7VMT1	UniRef90_Q9XDR0	UniRef90_A1WV48	UniRef90_A2C5Z4																																																		
bactNOG20249	UniRef90_O31690	UniRef90_A1SNN1	UniRef90_A8FCJ3	UniRef90_B7HG64	UniRef90_B7HNX4	UniRef90_B9ISV6	UniRef90_C5CIK7	UniRef90_Q6HAN3	UniRef90_Q81IW5	UniRef90_Q8G6V6	UniRef90_A4IKM8	UniRef90_A6LL43	UniRef90_A8M1U9	UniRef90_B7HB83	UniRef90_B7HJP4	UniRef90_B7IXK4	UniRef90_B7JLB1	UniRef90_C0Z4T1	UniRef90_C1CZX2	UniRef90_Q1J0V2	UniRef90_Q4V1G0	UniRef90_Q634X2	UniRef90_Q63B78	UniRef90_Q72X47	UniRef90_Q814M6																																																		
bactNOG24711	UniRef90_A1ARU8	UniRef90_A1WX68	UniRef90_A4J6L4	UniRef90_A5G3Z0	UniRef90_A5UVV4	UniRef90_A8GC68	UniRef90_A8HSE6	UniRef90_B0C830	UniRef90_B8IGJ5	UniRef90_C7CIT3	UniRef90_Q2IL79	UniRef90_Q3J9Q7	UniRef90_Q47U83	UniRef90_Q72WN5	UniRef90_Q82TS8	UniRef90_A0LKI3	UniRef90_A4ISY4	UniRef90_A8HSK4	UniRef90_A8HZU2	UniRef90_B4UHT0	UniRef90_B8HNV3	UniRef90_B8HTP1	UniRef90_B8JEZ0	UniRef90_C1DMZ9	UniRef90_C4KBY7																																																		
bactNOG26316	UniRef90_A1A0Q0	UniRef90_C0ZGF6	UniRef90_C9RQ18	UniRef90_Q88JR6	UniRef90_A5W551	UniRef90_A9HYB5	UniRef90_C3JXK0	UniRef90_C6CYM8	UniRef90_B0KIK3	UniRef90_B8DT15	UniRef90_C5AHJ3	UniRef90_C7N8M7	UniRef90_Q6LH32	UniRef90_A5FCL8	UniRef90_A5I3K3	UniRef90_B1J9P8	UniRef90_B1KUX6	UniRef90_C5WEU1	UniRef90_Q1IB98	UniRef90_Q2KXJ1	UniRef90_Q8G7V5	UniRef90_A3CPS6	UniRef90_B9DIG6	UniRef90_Q2FUV4	UniRef90_Q49YY2																																																		
bactNOG27043	UniRef90_P0A8Z0	UniRef90_P0A1A2	UniRef90_P0A8Z2	UniRef90_P44886	UniRef90_P0A1A1	UniRef90_P57362	UniRef90_Q9HTJ3	UniRef90_Q9KRE1	UniRef90_A1VSY2	UniRef90_A8GF89	UniRef90_B3PRP8	UniRef90_B4EWI4	UniRef90_B8IT19	UniRef90_B9K2X8	UniRef90_Q1GPK8	UniRef90_Q1MF52	UniRef90_Q1QPB1	UniRef90_Q2K764	UniRef90_Q5F7U2	UniRef90_Q72HN4	UniRef90_Q8XCC1	UniRef90_Q98I24	UniRef90_A5EE03	UniRef90_A5GBQ1	UniRef90_B2VKV8																																																		
bactNOG28876	UniRef90_Q2T4H0	UniRef90_Q0B9G6	UniRef90_Q63MG5	UniRef90_A4JNA5	UniRef90_B1Z312	UniRef90_B4EIE2	UniRef90_A6W055	UniRef90_A9BQQ2	UniRef90_C3KC69	UniRef90_Q1I918	UniRef90_Q4KBA8	UniRef90_Q7ML44	UniRef90_Q9HWR0	UniRef90_B5Y2C6	UniRef90_C5CXA4	UniRef90_C6BIZ3	UniRef90_A6THV1	UniRef90_A7GME4	UniRef90_A8G9E1	UniRef90_B0KKT3	UniRef90_Q66BX9	UniRef90_Q8EMH6	UniRef90_A4ISN0	UniRef90_B2UFZ4	UniRef90_Q2W964																																																		
bactNOG30464	UniRef90_P0A752	UniRef90_P54455	UniRef90_Q6AK10	UniRef90_A0R112	UniRef90_Q73XR5	UniRef90_A9HC14	UniRef90_B2HME5	UniRef90_Q9HX21	UniRef90_Q9RDK7	UniRef90_P9WJJ5	UniRef90_Q8ZDG1	UniRef90_A0KN91	UniRef90_A0RQT6	UniRef90_A1AV35	UniRef90_A1S8T1	UniRef90_A1SHP7	UniRef90_A1WYZ3	UniRef90_A4T2H9	UniRef90_A4XAF6	UniRef90_A5N6K3	UniRef90_A6Q541	UniRef90_A7HT64	UniRef90_A7NPC0	UniRef90_A7ZJ28	UniRef90_A8AJG3	UniRef90_Q8NN57	UniRef90_A1R0K5	UniRef90_C1FVW3	UniRef90_P57521	UniRef90_Q1B647	UniRef90_Q1MA73	UniRef90_Q7UFN6	UniRef90_Q9PMQ3	UniRef90_A6VZ84	UniRef90_A9AXY4	UniRef90_B0RDF9	UniRef90_B2S1C4	UniRef90_B4RR84	UniRef90_C6E7L8	UniRef90_P57090	UniRef90_Q04Q93	UniRef90_Q2K2X3	UniRef90_Q2LU86	UniRef90_Q64PY0	UniRef90_Q6HDJ0	UniRef90_A0LSX5	UniRef90_A5FLZ0	UniRef90_A7ZXR5	UniRef90_A8FFF0	UniRef90_B3PRZ6																									
bactNOG31116	UniRef90_Q8Z8D6	UniRef90_B2JA70	UniRef90_Q762K6	UniRef90_A5EW35	UniRef90_B2VFN2	UniRef90_Q8ZQV3	UniRef90_B1LK05																																																																				
bactNOG36984	UniRef90_P49852	UniRef90_A5WD83	UniRef90_A4FQN9	UniRef90_Q65M00	UniRef90_B9EAY0	UniRef90_C6WR47	UniRef90_C7MRL2	UniRef90_Q5FSL1	UniRef90_B0CEY8	UniRef90_A9AW41	UniRef90_Q7NKA6	UniRef90_A8LLN0																																																															
bactNOG48307	UniRef90_A0KZ46	UniRef90_A8H6N6	UniRef90_A9BM42	UniRef90_B1KNW5	UniRef90_A3QGC4	UniRef90_A8FY67	UniRef90_B0JQ69	UniRef90_B0TPA7	UniRef90_B8CQA8	UniRef90_C1FRI0	UniRef90_Q085G7	UniRef90_Q2T4M9	UniRef90_Q81DB3	UniRef90_Q8DTK3	UniRef90_A7GNU9	UniRef90_C0ZDB0	UniRef90_C8W355	UniRef90_Q65NJ9	UniRef90_Q97JF7	UniRef90_A4Y523	UniRef90_A9KUI0	UniRef90_Q8EGJ8	UniRef90_A3D2I2	UniRef90_A7GTF6	UniRef90_B8E7U1																																																		
bactNOG51678	UniRef90_O34737	UniRef90_Q65K88	UniRef90_Q7MTT3	UniRef90_B4SL48	UniRef90_B2FUK1	UniRef90_Q832M4	UniRef90_A8FCM8	UniRef90_B1YF15																																																																			
bactNOG62245	UniRef90_A8H6N9	UniRef90_A9KUH7	UniRef90_Q7NCZ4	UniRef90_A1S4L5	UniRef90_A4Y520	UniRef90_B8E7U4	UniRef90_A1SVG2	UniRef90_A8FY84	UniRef90_B1KJP1																																																																		
bactNOG69335	UniRef90_Q4L6U5	UniRef90_P65501	UniRef90_P65502	UniRef90_Q2YT34	UniRef90_Q6G8X4	UniRef90_A8Z4D3	UniRef90_Q2FXY3	UniRef90_Q5HFG7	UniRef90_A5ITC1	UniRef90_A6QHD6	UniRef90_P65503	UniRef90_Q5HNV3	UniRef90_Q6GGA7	UniRef90_Q8CSC1	UniRef90_A6U266	UniRef90_A7X2Z9	UniRef90_Q2FGD0	UniRef90_Q49Y35	UniRef90_A5WCA8	UniRef90_B9DNI7	UniRef90_B9E6Y3																																																						
bactNOG82617	UniRef90_P0AFG6	UniRef90_Q59638	UniRef90_P37942	UniRef90_Q9I1M0	UniRef90_P10802	UniRef90_P20708	UniRef90_P16263	UniRef90_Q1RJT3	UniRef90_Q2FYM2	UniRef90_Q49110	UniRef90_Q7A5N4	UniRef90_O66119	UniRef90_P35489	UniRef90_Q89AJ6	UniRef90_Q92J43	UniRef90_Q49XM4	UniRef90_Q68WK6	UniRef90_Q68XI8	UniRef90_Q6GGZ6	UniRef90_Q92HK7	UniRef90_B2VBR7	UniRef90_C6AB07	UniRef90_Q1D8Y6	UniRef90_Q3SEX1	UniRef90_B4ESR0	UniRef90_P21883	UniRef90_P06959	UniRef90_P09062	UniRef90_P47514	UniRef90_Q6FYD4	UniRef90_Q4L6C3	UniRef90_Q4UKI7	UniRef90_Q8K9N2	UniRef90_Q9ZDY4	UniRef90_P57389	UniRef90_Q8CSL9	UniRef90_Q8NWR7	UniRef90_P45302	UniRef90_Q1RHI5	UniRef90_Q2YY06	UniRef90_P45118	UniRef90_Q4ULG1	UniRef90_Q5HPC7	UniRef90_B9IU57	UniRef90_C5D803	UniRef90_Q6HLS9	UniRef90_Q9KQB4	UniRef90_B6IPE8	UniRef90_Q2NUM3	UniRef90_Q7ULX6	UniRef90_P75392	UniRef90_Q2FH26	UniRef90_Q9I3D2	UniRef90_Q9R9N3	UniRef90_Q99U75	UniRef90_P0AFG7	UniRef90_Q5HG07	UniRef90_Q6G9E9	UniRef90_Q9ZD20	UniRef90_Q4FVI1	UniRef90_Q82SG4	UniRef90_Q8EJN8	UniRef90_Q9CNZ2	UniRef90_Q74B14	UniRef90_Q9RY67	UniRef90_A9QPL0	UniRef90_B9KH21	UniRef90_A0M5Y1	UniRef90_A9WBV2	UniRef90_B9EC09	UniRef90_Q9RXQ3	UniRef90_A0KX40	UniRef90_A1TS71	UniRef90_A1WJ64	UniRef90_A2SHD1
firmNOG00626	UniRef90_Q5FLY8	UniRef90_A4IKI1	UniRef90_A7GIM7	UniRef90_A8MEN5	UniRef90_A8MEU4	UniRef90_C5D5D1	UniRef90_Q5L2U9	UniRef90_Q67Q04	UniRef90_B1HZY6	UniRef90_B7GJG3	UniRef90_C1FLU9	UniRef90_Q5U921	UniRef90_Q8CV92	UniRef90_A6TL49	UniRef90_A7GFD3	UniRef90_B1IFC8	UniRef90_B1KVI9	UniRef90_C8WXP2	UniRef90_Q189Z7	UniRef90_A5I3X0	UniRef90_B1IGU6	UniRef90_Q189Z9	UniRef90_Q24Z14	UniRef90_Q74KX5	UniRef90_Q892K9																																																		
firmNOG04290	UniRef90_Q47748	UniRef90_Q88VJ2	UniRef90_Q8NUT2	UniRef90_Q99ZM2	UniRef90_Q8CN22	UniRef90_Q8E0N5	UniRef90_P72357	UniRef90_Q5HLA0	UniRef90_Q8E6A9	UniRef90_B9E967	UniRef90_Q4A0G3	UniRef90_B9DL13	UniRef90_Q4L973	UniRef90_B9DJY1	UniRef90_Q2FV62	UniRef90_Q4L921	UniRef90_Q2FVA3	UniRef90_Q5HL54	UniRef90_A5MZD1	UniRef90_A6LTK2	UniRef90_B1INH4	UniRef90_C1FLU1	UniRef90_C5WGI7	UniRef90_Q03Z77	UniRef90_Q1JGS5																																																		
NOG132553	UniRef90_B8E350	UniRef90_Q6AMM7	UniRef90_B5YA88																																																																								
NOG133663	UniRef90_A8L2D8	UniRef90_Q0RTQ0	UniRef90_Q9L2F8																																																																								
proNOG30191	UniRef90_Q88JR6	UniRef90_A5W551	UniRef90_A9HYB5	UniRef90_C0QJX3	UniRef90_C3JXK0	UniRef90_Q3K836	UniRef90_B0KIK3	UniRef90_C5AHJ3	UniRef90_Q6LH32	UniRef90_B1J9P8	UniRef90_Q1IB98	UniRef90_Q2KXJ1	UniRef90_Q4K7Y2																																																														
